{ "compressionlevel":-1,
 "height":20,
 "infinite":false,
 "layers":[
        {
         "data":[79, 79, 79, 79, 79, 79, 79, 79, 79, 79, 79, 79, 79, 79, 79, 79, 79, 79, 79, 79, 79, 79, 79, 79, 79, 79, 79, 79, 79, 79,
            79, 79, 79, 79, 79, 79, 79, 79, 79, 79, 79, 79, 79, 79, 79, 79, 79, 79, 79, 79, 79, 79, 79, 79, 79, 79, 79, 79, 79, 79,
            79, 79, 79, 79, 79, 79, 79, 79, 1, 2, 3, 4, 5, 6, 79, 79, 79, 79, 79, 79, 79, 79, 79, 79, 79, 79, 79, 79, 79, 79,
            79, 79, 79, 79, 79, 79, 79, 79, 11, 12, 13, 14, 15, 16, 79, 79, 79, 79, 79, 79, 79, 79, 79, 79, 79, 79, 79, 79, 79, 79,
            79, 79, 79, 79, 79, 79, 79, 79, 21, 22, 23, 24, 25, 26, 79, 79, 79, 79, 79, 79, 79, 79, 79, 79, 79, 79, 79, 79, 79, 79,
            79, 79, 79, 79, 79, 79, 79, 79, 31, 32, 23, 23, 35, 36, 79, 79, 79, 79, 79, 1, 2, 3, 4, 5, 3, 4, 5, 6, 79, 79,
            79, 79, 79, 79, 79, 79, 79, 79, 41, 54, 22, 25, 55, 46, 79, 79, 79, 79, 79, 31, 12, 13, 14, 14, 13, 14, 15, 16, 79, 79,
            1, 2, 2, 4, 5, 6, 79, 79, 79, 21, 22, 25, 16, 79, 79, 79, 79, 79, 79, 21, 22, 23, 7, 8, 9, 10, 25, 26, 79, 79,
            11, 12, 13, 14, 15, 2, 3, 4, 3, 4, 22, 25, 3, 3, 4, 2, 2, 3, 4, 5, 22, 7, 17, 18, 19, 20, 25, 36, 79, 79,
            21, 22, 23, 24, 23, 13, 13, 14, 13, 14, 24, 24, 61, 62, 63, 64, 64, 61, 62, 63, 24, 17, 27, 28, 29, 30, 25, 16, 79, 79,
            31, 32, 33, 34, 35, 55, 45, 42, 43, 54, 22, 25, 51, 42, 43, 42, 43, 42, 43, 54, 22, 27, 27, 28, 29, 30, 25, 26, 79, 79,
            41, 42, 43, 44, 45, 46, 79, 79, 79, 21, 22, 25, 16, 79, 79, 79, 79, 79, 79, 31, 32, 33, 34, 33, 33, 34, 35, 36, 79, 79,
            79, 79, 79, 79, 79, 79, 79, 79, 79, 1, 22, 25, 26, 79, 79, 79, 79, 79, 79, 41, 42, 43, 44, 45, 43, 44, 45, 46, 79, 79,
            79, 79, 79, 79, 79, 79, 79, 79, 79, 11, 22, 25, 36, 79, 79, 79, 79, 79, 79, 79, 79, 79, 79, 79, 79, 79, 79, 79, 79, 79,
            79, 79, 79, 79, 79, 79, 79, 79, 79, 21, 22, 25, 36, 79, 79, 79, 79, 79, 79, 79, 79, 79, 79, 79, 79, 79, 79, 79, 79, 79,
            1, 2, 3, 4, 5, 6, 79, 79, 79, 31, 22, 25, 36, 79, 79, 79, 79, 79, 79, 79, 79, 79, 79, 79, 79, 79, 79, 79, 79, 79,
            11, 12, 13, 14, 15, 2, 2, 3, 4, 5, 22, 25, 26, 79, 79, 79, 79, 79, 79, 79, 79, 79, 79, 79, 79, 79, 79, 79, 79, 79,
            21, 22, 23, 24, 23, 14, 13, 13, 14, 13, 23, 25, 36, 79, 79, 79, 79, 79, 79, 79, 79, 79, 79, 79, 79, 79, 79, 79, 79, 79,
            31, 32, 33, 34, 35, 55, 42, 43, 42, 43, 44, 45, 46, 79, 79, 79, 79, 79, 79, 79, 79, 79, 79, 79, 79, 79, 79, 79, 79, 79,
            41, 42, 43, 44, 45, 46, 79, 79, 79, 79, 79, 79, 79, 79, 79, 79, 79, 79, 79, 79, 79, 79, 79, 79, 79, 79, 79, 79, 79, 79],
         "height":20,
         "id":1,
         "name":"ground",
         "opacity":1,
         "type":"tilelayer",
         "visible":true,
         "width":30,
         "x":0,
         "y":0
        }, 
        {
         "data":[0, 0, 0, 0, 0, 0, 0, 0, 0, 0, 0, 0, 0, 0, 0, 0, 0, 0, 0, 0, 0, 0, 0, 0, 0, 0, 0, 0, 0, 0,
            0, 0, 0, 0, 0, 0, 0, 0, 0, 0, 0, 0, 0, 0, 0, 0, 0, 0, 0, 0, 0, 0, 0, 0, 0, 0, 0, 0, 0, 0,
            0, 0, 0, 0, 0, 0, 0, 0, 0, 75, 0, 0, 75, 0, 0, 0, 0, 0, 0, 0, 0, 0, 0, 0, 0, 0, 0, 0, 0, 0,
            0, 0, 0, 0, 0, 0, 0, 0, 0, 0, 40, 40, 0, 0, 0, 0, 0, 0, 0, 0, 0, 0, 0, 0, 0, 0, 0, 0, 0, 0,
            0, 0, 0, 0, 0, 0, 0, 0, 0, 0, 0, 0, 0, 0, 0, 0, 0, 0, 0, 0, 0, 0, 0, 0, 0, 0, 0, 0, 0, 0,
            0, 0, 0, 0, 0, 0, 0, 0, 0, 0, 0, 0, 0, 0, 0, 0, 0, 0, 0, 0, 0, 66, 0, 0, 0, 0, 0, 0, 0, 0,
            0, 0, 0, 0, 0, 0, 0, 0, 0, 0, 0, 0, 0, 0, 0, 0, 0, 0, 0, 0, 0, 50, 60, 0, 0, 69, 78, 0, 0, 0,
            0, 65, 0, 0, 66, 0, 0, 0, 0, 0, 0, 0, 0, 0, 0, 0, 0, 0, 0, 0, 0, 60, 50, 0, 0, 0, 69, 0, 0, 0,
            0, 0, 0, 0, 60, 0, 76, 0, 0, 65, 0, 0, 0, 77, 0, 0, 0, 76, 0, 0, 0, 0, 0, 0, 0, 0, 0, 0, 0, 0,
            0, 0, 0, 0, 0, 0, 0, 0, 0, 0, 0, 0, 0, 0, 0, 0, 0, 0, 0, 0, 0, 0, 0, 0, 0, 0, 0, 0, 0, 0,
            0, 0, 0, 0, 50, 0, 0, 0, 0, 0, 0, 0, 0, 0, 0, 0, 0, 0, 0, 0, 0, 0, 0, 0, 0, 0, 66, 0, 0, 0,
            0, 0, 0, 0, 0, 0, 0, 0, 0, 0, 0, 0, 0, 0, 0, 0, 0, 0, 0, 0, 65, 0, 0, 0, 0, 0, 0, 0, 0, 0,
            0, 0, 0, 0, 0, 0, 0, 0, 0, 0, 0, 0, 0, 0, 0, 0, 0, 0, 0, 0, 0, 0, 0, 0, 0, 0, 0, 0, 0, 0,
            0, 0, 0, 0, 0, 0, 0, 0, 0, 0, 0, 0, 0, 0, 0, 0, 0, 0, 0, 0, 0, 0, 0, 0, 0, 0, 0, 0, 0, 0,
            0, 0, 0, 0, 0, 0, 0, 0, 0, 0, 0, 0, 0, 0, 0, 0, 0, 0, 0, 0, 0, 0, 0, 0, 0, 0, 0, 0, 0, 0,
            0, 0, 0, 0, 65, 0, 0, 0, 0, 0, 0, 0, 0, 0, 0, 0, 0, 0, 0, 0, 0, 0, 0, 0, 0, 0, 0, 0, 0, 0,
            0, 0, 0, 0, 0, 0, 0, 0, 0, 0, 0, 0, 0, 0, 0, 0, 0, 0, 0, 0, 0, 0, 0, 0, 0, 0, 0, 0, 0, 0,
            0, 0, 0, 0, 0, 0, 0, 0, 0, 0, 0, 0, 0, 0, 0, 0, 0, 0, 0, 0, 0, 0, 0, 0, 0, 0, 0, 0, 0, 0,
            0, 78, 0, 0, 0, 0, 0, 0, 0, 0, 0, 0, 0, 0, 0, 0, 0, 0, 0, 0, 0, 0, 0, 0, 0, 0, 0, 0, 0, 0,
            0, 0, 0, 0, 0, 0, 0, 0, 0, 0, 0, 0, 0, 0, 0, 0, 0, 0, 0, 0, 0, 0, 0, 0, 0, 0, 0, 0, 0, 0],
         "height":20,
         "id":2,
         "name":"plots",
         "opacity":1,
         "type":"tilelayer",
         "visible":true,
         "width":30,
         "x":0,
         "y":0
        }, 
        {
         "draworder":"topdown",
         "id":3,
         "name":"objects",
         "objects":[
                {
                 "class":"player",
                 "height":60,
                 "id":1,
                 "name":"player",
                 "rotation":0,
                 "visible":true,
                 "width":64,
                 "x":1537,
                 "y":577
                }, 
                {
                 "class":"enemy",
                 "height":64,
                 "id":2,
                 "name":"enemy1",
                 "rotation":0,
                 "visible":true,
                 "width":64,
                 "x":256,
                 "y":1088
                }, 
                {
                 "class":"peaks",
                 "height":64,
                 "id":3,
                 "name":"peacks1",
                 "properties":[
                        {
                         "name":"isVertical",
                         "type":"bool",
                         "value":false
                        }],
                 "rotation":0,
                 "visible":true,
                 "width":64,
                 "x":320,
                 "y":576
                }, 
                {
                 "class":"enemy",
                 "height":64,
                 "id":5,
                 "name":"enemy2",
                 "rotation":0,
                 "visible":true,
                 "width":64,
                 "x":576,
                 "y":576
                }, 
                {
                 "class":"chestkey",
                 "height":32,
                 "id":7,
                 "name":"chestkey",
                 "rotation":0,
                 "visible":true,
                 "width":44,
                 "x":72,
                 "y":589.333333333333
                }, 
                {
                 "class":"candle",
                 "height":64,
                 "id":13,
                 "name":"candle1",
                 "rotation":0,
                 "visible":true,
                 "width":36,
                 "x":590,
                 "y":320
                }, 
                {
                 "class":"candle",
                 "height":64,
                 "id":15,
                 "name":"candle2",
                 "rotation":0,
                 "visible":true,
                 "width":36,
                 "x":780,
                 "y":320
                }, 
                {
                 "class":"walltorch",
                 "height":52,
                 "id":16,
                 "name":"walltorch1",
                 "rotation":0,
                 "visible":true,
                 "width":24,
                 "x":1282,
                 "y":455
                }, 
                {
                 "class":"walltorch",
                 "height":52,
                 "id":17,
                 "name":"walltorch2",
                 "rotation":0,
                 "visible":true,
                 "width":24,
                 "x":1282,
                 "y":648
                }, 
                {
                 "class":"chest",
                 "height":48,
                 "id":18,
                 "name":"chest1",
                 "rotation":0,
                 "visible":true,
                 "width":56,
                 "x":131.166666666667,
                 "y":1031.91666666667
                }, 
                {
                 "class":"fronttorch",
                 "height":52,
                 "id":19,
                 "name":"fronttorch1",
                 "rotation":0,
                 "visible":true,
                 "width":32,
                 "x":400,
                 "y":1032
                }, 
                {
                 "class":"fronttorch",
                 "height":52,
                 "id":20,
                 "name":"fronttorch2",
                 "rotation":0,
                 "visible":true,
                 "width":32,
                 "x":528,
                 "y":1032
                }, 
                {
                 "class":"door",
                 "height":64,
                 "id":21,
                 "name":"door",
                 "rotation":0,
                 "visible":true,
                 "width":128,
                 "x":640,
                 "y":382
                }, 
                {
                 "class":"heal",
                 "height":44,
                 "id":24,
                 "name":"heal",
                 "rotation":0,
                 "visible":true,
                 "width":40,
                 "x":780,
                 "y":264
                }, 
                {
                 "class":"peaks",
                 "height":64,
                 "id":25,
                 "name":"peacks2",
                 "properties":[
                        {
                         "name":"isVertical",
                         "type":"bool",
                         "value":true
                        }],
                 "rotation":0,
                 "visible":true,
                 "width":64,
                 "x":638,
                 "y":832
                }, 
                {
                 "class":"peaks",
                 "height":65,
                 "id":26,
                 "name":"peacks3",
                 "properties":[
                        {
                         "name":"isVertical",
                         "type":"bool",
                         "value":true
                        }],
                 "rotation":0,
                 "visible":true,
                 "width":65,
                 "x":704,
                 "y":832
                }, 
                {
                 "class":"enemy",
                 "height":64,
                 "id":27,
                 "name":"enemy3",
                 "rotation":0,
                 "visible":true,
                 "width":64,
                 "x":1025,
                 "y":578
                }, 
                {
                 "class":"exit",
                 "height":64,
                 "id":28,
                 "name":"exit",
                 "rotation":0,
                 "visible":true,
                 "width":128,
                 "x":640,
                 "y":193
                }],
         "opacity":1,
         "type":"objectgroup",
         "visible":true,
         "x":0,
         "y":0
        }, 
        {
         "data":[0, 0, 0, 0, 0, 0, 0, 0, 0, 0, 0, 0, 0, 0, 0, 0, 0, 0, 0, 0, 0, 0, 0, 0, 0, 0, 0, 0, 0, 0,
            0, 0, 0, 0, 0, 0, 0, 0, 0, 0, 0, 0, 0, 0, 0, 0, 0, 0, 0, 0, 0, 0, 0, 0, 0, 0, 0, 0, 0, 0,
            0, 0, 0, 0, 0, 0, 0, 0, 0, 0, 0, 0, 0, 0, 0, 0, 0, 0, 0, 0, 0, 0, 0, 0, 0, 0, 0, 0, 0, 0,
            0, 0, 0, 0, 0, 0, 0, 0, 0, 0, 0, 0, 0, 0, 0, 0, 0, 0, 0, 0, 0, 0, 0, 0, 0, 0, 0, 0, 0, 0,
            0, 0, 0, 0, 0, 0, 0, 0, 0, 0, 0, 0, 0, 0, 0, 0, 0, 0, 0, 0, 0, 0, 0, 0, 0, 0, 0, 0, 0, 0,
            0, 0, 0, 0, 0, 0, 0, 0, 0, 0, 0, 0, 0, 0, 0, 0, 0, 0, 0, 0, 0, 0, 0, 0, 0, 0, 0, 0, 0, 0,
            0, 0, 0, 0, 0, 0, 0, 0, 41, 56, 0, 0, 55, 46, 0, 0, 0, 0, 0, 0, 0, 0, 0, 0, 0, 0, 0, 0, 0, 0,
            0, 0, 0, 0, 0, 0, 0, 0, 0, 0, 0, 0, 0, 0, 0, 0, 0, 0, 0, 0, 0, 0, 0, 0, 0, 0, 0, 0, 0, 0,
            0, 0, 0, 0, 0, 0, 0, 0, 0, 0, 0, 0, 0, 0, 0, 0, 0, 0, 0, 0, 0, 0, 0, 0, 0, 0, 0, 0, 0, 0,
            0, 0, 0, 0, 0, 0, 0, 0, 0, 0, 0, 0, 0, 0, 0, 0, 0, 0, 0, 0, 0, 0, 0, 0, 0, 0, 0, 0, 0, 0,
            0, 0, 0, 0, 0, 55, 42, 42, 44, 56, 0, 0, 51, 42, 43, 42, 43, 42, 43, 56, 0, 0, 0, 0, 0, 0, 0, 0, 0, 0,
            41, 42, 43, 44, 45, 46, 0, 0, 0, 0, 0, 0, 0, 0, 0, 0, 0, 0, 0, 0, 0, 0, 0, 0, 0, 0, 0, 0, 0, 0,
            0, 0, 0, 0, 0, 0, 0, 0, 0, 0, 0, 0, 0, 0, 0, 0, 0, 0, 0, 41, 42, 43, 44, 42, 43, 44, 45, 46, 0, 0,
            0, 0, 0, 0, 0, 0, 0, 0, 0, 0, 0, 0, 0, 0, 0, 0, 0, 0, 0, 0, 0, 0, 0, 0, 0, 0, 0, 0, 0, 0,
            0, 0, 0, 0, 0, 0, 0, 0, 0, 0, 0, 0, 0, 0, 0, 0, 0, 0, 0, 0, 0, 0, 0, 0, 0, 0, 0, 0, 0, 0,
            0, 0, 0, 0, 0, 0, 0, 0, 0, 0, 0, 0, 0, 0, 0, 0, 0, 0, 0, 0, 0, 0, 0, 0, 0, 0, 0, 0, 0, 0,
            0, 0, 0, 0, 0, 0, 0, 0, 0, 0, 0, 0, 0, 0, 0, 0, 0, 0, 0, 0, 0, 0, 0, 0, 0, 0, 0, 0, 0, 0,
            0, 0, 0, 0, 0, 0, 0, 0, 0, 0, 0, 0, 0, 0, 0, 0, 0, 0, 0, 0, 0, 0, 0, 0, 0, 0, 0, 0, 0, 0,
            0, 0, 0, 0, 0, 55, 42, 43, 42, 43, 44, 45, 46, 0, 0, 0, 0, 0, 0, 0, 0, 0, 0, 0, 0, 0, 0, 0, 0, 0,
            41, 42, 43, 44, 45, 46, 0, 0, 0, 0, 0, 0, 0, 0, 0, 0, 0, 0, 0, 0, 0, 0, 0, 0, 0, 0, 0, 0, 0, 0],
         "height":20,
         "id":4,
         "name":"front_walls",
         "opacity":1,
         "type":"tilelayer",
         "visible":true,
         "width":30,
         "x":0,
         "y":0
        }],
 "nextlayerid":5,
 "nextobjectid":29,
 "orientation":"orthogonal",
 "renderorder":"right-down",
 "tiledversion":"1.9.2",
 "tileheight":64,
 "tilesets":[
        {
         "columns":10,
         "firstgid":1,
         "image":"dangeon\/character and tileset\/Dungeon_Tileset64.png",
         "imageheight":640,
         "imagewidth":640,
         "margin":0,
         "name":"Dungeon_Tileset64",
         "spacing":0,
         "tilecount":100,
         "tileheight":64,
         "tilewidth":64
        }],
 "tilewidth":64,
 "type":"map",
 "version":"1.9",
 "width":30
}