{"frames":{"rightplayerstep1":{"frame":{"x":444,"y":523,"w":64,"h":60},"rotated":false,"trimmed":false,"spriteSourceSize":{"x":0,"y":0,"w":64,"h":60},"sourceSize":{"w":64,"h":60}},"rightplayerstep2":{"frame":{"x":509,"y":523,"w":64,"h":60},"rotated":false,"trimmed":false,"spriteSourceSize":{"x":0,"y":0,"w":64,"h":60},"sourceSize":{"w":64,"h":60}},"rightplayerstep3":{"frame":{"x":275,"y":306,"w":64,"h":60},"rotated":false,"trimmed":false,"spriteSourceSize":{"x":0,"y":0,"w":64,"h":60},"sourceSize":{"w":64,"h":60}},"rightplayerstep4":{"frame":{"x":619,"y":0,"w":64,"h":60},"rotated":false,"trimmed":false,"spriteSourceSize":{"x":0,"y":0,"w":64,"h":60},"sourceSize":{"w":64,"h":60}},"rightplayerstep5":{"frame":{"x":619,"y":61,"w":64,"h":60},"rotated":false,"trimmed":false,"spriteSourceSize":{"x":0,"y":0,"w":64,"h":60},"sourceSize":{"w":64,"h":60}},"leftplayerstep1":{"frame":{"x":619,"y":122,"w":64,"h":60},"rotated":false,"trimmed":false,"spriteSourceSize":{"x":0,"y":0,"w":64,"h":60},"sourceSize":{"w":64,"h":60}},"leftplayerstep2":{"frame":{"x":619,"y":183,"w":64,"h":60},"rotated":false,"trimmed":false,"spriteSourceSize":{"x":0,"y":0,"w":64,"h":60},"sourceSize":{"w":64,"h":60}},"leftplayerstep3":{"frame":{"x":619,"y":244,"w":64,"h":60},"rotated":false,"trimmed":false,"spriteSourceSize":{"x":0,"y":0,"w":64,"h":60},"sourceSize":{"w":64,"h":60}},"leftplayerstep4":{"frame":{"x":619,"y":305,"w":64,"h":60},"rotated":false,"trimmed":false,"spriteSourceSize":{"x":0,"y":0,"w":64,"h":60},"sourceSize":{"w":64,"h":60}},"leftplayerstep5":{"frame":{"x":619,"y":366,"w":64,"h":60},"rotated":false,"trimmed":false,"spriteSourceSize":{"x":0,"y":0,"w":64,"h":60},"sourceSize":{"w":64,"h":60}},"frontbossstep1":{"frame":{"x":404,"y":0,"w":109,"h":126},"rotated":false,"trimmed":false,"spriteSourceSize":{"x":0,"y":0,"w":109,"h":126},"sourceSize":{"w":109,"h":126}},"frontbossstep3":{"frame":{"x":0,"y":396,"w":104,"h":126},"rotated":false,"trimmed":false,"spriteSourceSize":{"x":0,"y":0,"w":104,"h":126},"sourceSize":{"w":104,"h":126}},"frontbossstep2":{"frame":{"x":320,"y":396,"w":108,"h":125},"rotated":false,"trimmed":false,"spriteSourceSize":{"x":0,"y":0,"w":108,"h":125},"sourceSize":{"w":108,"h":125}},"frontbossstep4":{"frame":{"x":514,"y":0,"w":104,"h":125},"rotated":false,"trimmed":false,"spriteSourceSize":{"x":0,"y":0,"w":104,"h":125},"sourceSize":{"w":104,"h":125}},"chest1":{"frame":{"x":650,"y":706,"w":56,"h":48},"rotated":false,"trimmed":false,"spriteSourceSize":{"x":0,"y":0,"w":56,"h":48},"sourceSize":{"w":56,"h":48}},"chest2":{"frame":{"x":340,"y":306,"w":56,"h":48},"rotated":false,"trimmed":false,"spriteSourceSize":{"x":0,"y":0,"w":56,"h":48},"sourceSize":{"w":56,"h":48}},"chest3":{"frame":{"x":0,"y":766,"w":56,"h":48},"rotated":false,"trimmed":false,"spriteSourceSize":{"x":0,"y":0,"w":56,"h":48},"sourceSize":{"w":56,"h":48}},"chest4":{"frame":{"x":57,"y":766,"w":56,"h":48},"rotated":false,"trimmed":false,"spriteSourceSize":{"x":0,"y":0,"w":56,"h":48},"sourceSize":{"w":56,"h":48}},"chest5":{"frame":{"x":114,"y":766,"w":56,"h":48},"rotated":false,"trimmed":false,"spriteSourceSize":{"x":0,"y":0,"w":56,"h":48},"sourceSize":{"w":56,"h":48}},"heal":{"frame":{"x":171,"y":766,"w":40,"h":44},"rotated":false,"trimmed":false,"spriteSourceSize":{"x":0,"y":0,"w":40,"h":44},"sourceSize":{"w":40,"h":44}},"chestkey":{"frame":{"x":79,"y":611,"w":44,"h":32},"rotated":false,"trimmed":false,"spriteSourceSize":{"x":0,"y":0,"w":44,"h":32},"sourceSize":{"w":44,"h":32}},"rightenemyflame1":{"frame":{"x":212,"y":766,"w":36,"h":44},"rotated":false,"trimmed":false,"spriteSourceSize":{"x":0,"y":0,"w":36,"h":44},"sourceSize":{"w":36,"h":44}},"rightenemyflame2":{"frame":{"x":249,"y":766,"w":36,"h":44},"rotated":false,"trimmed":false,"spriteSourceSize":{"x":0,"y":0,"w":36,"h":44},"sourceSize":{"w":36,"h":44}},"rightenemyflame3":{"frame":{"x":749,"y":590,"w":32,"h":44},"rotated":false,"trimmed":false,"spriteSourceSize":{"x":0,"y":0,"w":32,"h":44},"sourceSize":{"w":32,"h":44}},"rightenemyflame4":{"frame":{"x":286,"y":766,"w":36,"h":44},"rotated":false,"trimmed":false,"spriteSourceSize":{"x":0,"y":0,"w":36,"h":44},"sourceSize":{"w":36,"h":44}},"rightenemyflame5":{"frame":{"x":323,"y":766,"w":36,"h":44},"rotated":false,"trimmed":false,"spriteSourceSize":{"x":0,"y":0,"w":36,"h":44},"sourceSize":{"w":36,"h":44}},"leftenemyflame1":{"frame":{"x":360,"y":766,"w":36,"h":44},"rotated":false,"trimmed":false,"spriteSourceSize":{"x":0,"y":0,"w":36,"h":44},"sourceSize":{"w":36,"h":44}},"leftenemyflame2":{"frame":{"x":397,"y":766,"w":36,"h":44},"rotated":false,"trimmed":false,"spriteSourceSize":{"x":0,"y":0,"w":36,"h":44},"sourceSize":{"w":36,"h":44}},"leftenemyflame3":{"frame":{"x":749,"y":635,"w":32,"h":44},"rotated":false,"trimmed":false,"spriteSourceSize":{"x":0,"y":0,"w":32,"h":44},"sourceSize":{"w":32,"h":44}},"leftenemyflame4":{"frame":{"x":434,"y":766,"w":36,"h":44},"rotated":false,"trimmed":false,"spriteSourceSize":{"x":0,"y":0,"w":36,"h":44},"sourceSize":{"w":36,"h":44}},"leftenemyflame5":{"frame":{"x":471,"y":766,"w":36,"h":44},"rotated":false,"trimmed":false,"spriteSourceSize":{"x":0,"y":0,"w":36,"h":44},"sourceSize":{"w":36,"h":44}},"doorkey":{"frame":{"x":124,"y":611,"w":44,"h":32},"rotated":false,"trimmed":false,"spriteSourceSize":{"x":0,"y":0,"w":44,"h":32},"sourceSize":{"w":44,"h":32}},"rightenemystep1":{"frame":{"x":619,"y":427,"w":64,"h":60},"rotated":false,"trimmed":false,"spriteSourceSize":{"x":0,"y":0,"w":64,"h":60},"sourceSize":{"w":64,"h":60}},"rightenemystep2":{"frame":{"x":619,"y":488,"w":64,"h":60},"rotated":false,"trimmed":false,"spriteSourceSize":{"x":0,"y":0,"w":64,"h":60},"sourceSize":{"w":64,"h":60}},"rightenemystep3":{"frame":{"x":619,"y":549,"w":64,"h":60},"rotated":false,"trimmed":false,"spriteSourceSize":{"x":0,"y":0,"w":64,"h":60},"sourceSize":{"w":64,"h":60}},"rightenemystep4":{"frame":{"x":0,"y":645,"w":64,"h":60},"rotated":false,"trimmed":false,"spriteSourceSize":{"x":0,"y":0,"w":64,"h":60},"sourceSize":{"w":64,"h":60}},"rightenemystep5":{"frame":{"x":65,"y":645,"w":64,"h":60},"rotated":false,"trimmed":false,"spriteSourceSize":{"x":0,"y":0,"w":64,"h":60},"sourceSize":{"w":64,"h":60}},"leftenemystep1":{"frame":{"x":130,"y":645,"w":64,"h":60},"rotated":false,"trimmed":false,"spriteSourceSize":{"x":0,"y":0,"w":64,"h":60},"sourceSize":{"w":64,"h":60}},"leftenemystep2":{"frame":{"x":195,"y":645,"w":64,"h":60},"rotated":false,"trimmed":false,"spriteSourceSize":{"x":0,"y":0,"w":64,"h":60},"sourceSize":{"w":64,"h":60}},"leftenemystep3":{"frame":{"x":260,"y":645,"w":64,"h":60},"rotated":false,"trimmed":false,"spriteSourceSize":{"x":0,"y":0,"w":64,"h":60},"sourceSize":{"w":64,"h":60}},"leftenemystep4":{"frame":{"x":325,"y":645,"w":64,"h":60},"rotated":false,"trimmed":false,"spriteSourceSize":{"x":0,"y":0,"w":64,"h":60},"sourceSize":{"w":64,"h":60}},"leftenemystep5":{"frame":{"x":390,"y":645,"w":64,"h":60},"rotated":false,"trimmed":false,"spriteSourceSize":{"x":0,"y":0,"w":64,"h":60},"sourceSize":{"w":64,"h":60}},"fronttorch1":{"frame":{"x":650,"y":645,"w":32,"h":52},"rotated":false,"trimmed":false,"spriteSourceSize":{"x":0,"y":0,"w":32,"h":52},"sourceSize":{"w":32,"h":52}},"fronttorch2":{"frame":{"x":749,"y":325,"w":32,"h":52},"rotated":false,"trimmed":false,"spriteSourceSize":{"x":0,"y":0,"w":32,"h":52},"sourceSize":{"w":32,"h":52}},"fronttorch3":{"frame":{"x":749,"y":378,"w":32,"h":52},"rotated":false,"trimmed":false,"spriteSourceSize":{"x":0,"y":0,"w":32,"h":52},"sourceSize":{"w":32,"h":52}},"fronttorch4":{"frame":{"x":749,"y":431,"w":32,"h":52},"rotated":false,"trimmed":false,"spriteSourceSize":{"x":0,"y":0,"w":32,"h":52},"sourceSize":{"w":32,"h":52}},"fronttorch5":{"frame":{"x":749,"y":484,"w":32,"h":52},"rotated":false,"trimmed":false,"spriteSourceSize":{"x":0,"y":0,"w":32,"h":52},"sourceSize":{"w":32,"h":52}},"bosswait3":{"frame":{"x":215,"y":131,"w":57,"h":130},"rotated":false,"trimmed":false,"spriteSourceSize":{"x":0,"y":0,"w":57,"h":130},"sourceSize":{"w":57,"h":130}},"bosswait4":{"frame":{"x":150,"y":0,"w":64,"h":130},"rotated":false,"trimmed":false,"spriteSourceSize":{"x":0,"y":0,"w":64,"h":130},"sourceSize":{"w":64,"h":130}},"bosswait2":{"frame":{"x":215,"y":0,"w":59,"h":130},"rotated":false,"trimmed":false,"spriteSourceSize":{"x":0,"y":0,"w":59,"h":130},"sourceSize":{"w":59,"h":130}},"bosswait1":{"frame":{"x":0,"y":131,"w":61,"h":130},"rotated":false,"trimmed":false,"spriteSourceSize":{"x":0,"y":0,"w":61,"h":130},"sourceSize":{"w":61,"h":130}},"walltorch1":{"frame":{"x":186,"y":131,"w":24,"h":52},"rotated":false,"trimmed":false,"spriteSourceSize":{"x":0,"y":0,"w":24,"h":52},"sourceSize":{"w":24,"h":52}},"walltorch2":{"frame":{"x":186,"y":184,"w":24,"h":52},"rotated":false,"trimmed":false,"spriteSourceSize":{"x":0,"y":0,"w":24,"h":52},"sourceSize":{"w":24,"h":52}},"walltorch3":{"frame":{"x":593,"y":374,"w":24,"h":52},"rotated":false,"trimmed":false,"spriteSourceSize":{"x":0,"y":0,"w":24,"h":52},"sourceSize":{"w":24,"h":52}},"walltorch4":{"frame":{"x":593,"y":427,"w":24,"h":52},"rotated":false,"trimmed":false,"spriteSourceSize":{"x":0,"y":0,"w":24,"h":52},"sourceSize":{"w":24,"h":52}},"walltorch5":{"frame":{"x":749,"y":537,"w":24,"h":52},"rotated":false,"trimmed":false,"spriteSourceSize":{"x":0,"y":0,"w":24,"h":52},"sourceSize":{"w":24,"h":52}},"rightspirit1":{"frame":{"x":786,"y":0,"w":48,"h":52},"rotated":false,"trimmed":false,"spriteSourceSize":{"x":0,"y":0,"w":48,"h":52},"sourceSize":{"w":48,"h":52}},"rightspirit2":{"frame":{"x":574,"y":523,"w":44,"h":52},"rotated":false,"trimmed":false,"spriteSourceSize":{"x":0,"y":0,"w":44,"h":52},"sourceSize":{"w":44,"h":52}},"rightspirit3":{"frame":{"x":786,"y":53,"w":48,"h":52},"rotated":false,"trimmed":false,"spriteSourceSize":{"x":0,"y":0,"w":48,"h":52},"sourceSize":{"w":48,"h":52}},"rightspirit4":{"frame":{"x":786,"y":318,"w":44,"h":52},"rotated":false,"trimmed":false,"spriteSourceSize":{"x":0,"y":0,"w":44,"h":52},"sourceSize":{"w":44,"h":52}},"rightspirit5":{"frame":{"x":786,"y":106,"w":48,"h":52},"rotated":false,"trimmed":false,"spriteSourceSize":{"x":0,"y":0,"w":48,"h":52},"sourceSize":{"w":48,"h":52}},"leftspirit1":{"frame":{"x":786,"y":159,"w":48,"h":52},"rotated":false,"trimmed":false,"spriteSourceSize":{"x":0,"y":0,"w":48,"h":52},"sourceSize":{"w":48,"h":52}},"leftspirit2":{"frame":{"x":786,"y":371,"w":44,"h":52},"rotated":false,"trimmed":false,"spriteSourceSize":{"x":0,"y":0,"w":44,"h":52},"sourceSize":{"w":44,"h":52}},"leftspirit3":{"frame":{"x":786,"y":212,"w":48,"h":52},"rotated":false,"trimmed":false,"spriteSourceSize":{"x":0,"y":0,"w":48,"h":52},"sourceSize":{"w":48,"h":52}},"leftspirit4":{"frame":{"x":786,"y":424,"w":44,"h":52},"rotated":false,"trimmed":false,"spriteSourceSize":{"x":0,"y":0,"w":44,"h":52},"sourceSize":{"w":44,"h":52}},"leftspirit5":{"frame":{"x":786,"y":265,"w":48,"h":52},"rotated":false,"trimmed":false,"spriteSourceSize":{"x":0,"y":0,"w":48,"h":52},"sourceSize":{"w":48,"h":52}},"leftskeleton":{"frame":{"x":455,"y":645,"w":64,"h":60},"rotated":false,"trimmed":false,"spriteSourceSize":{"x":0,"y":0,"w":64,"h":60},"sourceSize":{"w":64,"h":60}},"rightskeleton":{"frame":{"x":520,"y":645,"w":64,"h":60},"rotated":false,"trimmed":false,"spriteSourceSize":{"x":0,"y":0,"w":64,"h":60},"sourceSize":{"w":64,"h":60}},"rightded":{"frame":{"x":585,"y":645,"w":64,"h":60},"rotated":false,"trimmed":false,"spriteSourceSize":{"x":0,"y":0,"w":64,"h":60},"sourceSize":{"w":64,"h":60}},"leftded":{"frame":{"x":684,"y":0,"w":64,"h":60},"rotated":false,"trimmed":false,"spriteSourceSize":{"x":0,"y":0,"w":64,"h":60},"sourceSize":{"w":64,"h":60}},"candle1":{"frame":{"x":749,"y":0,"w":36,"h":64},"rotated":false,"trimmed":false,"spriteSourceSize":{"x":0,"y":0,"w":36,"h":64},"sourceSize":{"w":36,"h":64}},"candle2":{"frame":{"x":749,"y":65,"w":36,"h":64},"rotated":false,"trimmed":false,"spriteSourceSize":{"x":0,"y":0,"w":36,"h":64},"sourceSize":{"w":36,"h":64}},"candle3":{"frame":{"x":749,"y":130,"w":36,"h":64},"rotated":false,"trimmed":false,"spriteSourceSize":{"x":0,"y":0,"w":36,"h":64},"sourceSize":{"w":36,"h":64}},"candle4":{"frame":{"x":749,"y":195,"w":36,"h":64},"rotated":false,"trimmed":false,"spriteSourceSize":{"x":0,"y":0,"w":36,"h":64},"sourceSize":{"w":36,"h":64}},"candle5":{"frame":{"x":749,"y":260,"w":36,"h":64},"rotated":false,"trimmed":false,"spriteSourceSize":{"x":0,"y":0,"w":36,"h":64},"sourceSize":{"w":36,"h":64}},"rightbossstep1":{"frame":{"x":62,"y":131,"w":61,"h":130},"rotated":false,"trimmed":false,"spriteSourceSize":{"x":0,"y":0,"w":61,"h":130},"sourceSize":{"w":61,"h":130}},"rightbossstep3":{"frame":{"x":0,"y":0,"w":74,"h":130},"rotated":false,"trimmed":false,"spriteSourceSize":{"x":0,"y":0,"w":74,"h":130},"sourceSize":{"w":74,"h":130}},"rightbossstep2":{"frame":{"x":429,"y":396,"w":82,"h":121},"rotated":false,"trimmed":false,"spriteSourceSize":{"x":0,"y":0,"w":82,"h":121},"sourceSize":{"w":82,"h":121}},"rightbossstep4":{"frame":{"x":514,"y":374,"w":78,"h":121},"rotated":false,"trimmed":false,"spriteSourceSize":{"x":0,"y":0,"w":78,"h":121},"sourceSize":{"w":78,"h":121}},"leftplayerflame1":{"frame":{"x":508,"y":766,"w":36,"h":44},"rotated":false,"trimmed":false,"spriteSourceSize":{"x":0,"y":0,"w":36,"h":44},"sourceSize":{"w":36,"h":44}},"leftplayerflame2":{"frame":{"x":545,"y":766,"w":36,"h":44},"rotated":false,"trimmed":false,"spriteSourceSize":{"x":0,"y":0,"w":36,"h":44},"sourceSize":{"w":36,"h":44}},"leftplayerflame3":{"frame":{"x":749,"y":680,"w":32,"h":44},"rotated":false,"trimmed":false,"spriteSourceSize":{"x":0,"y":0,"w":32,"h":44},"sourceSize":{"w":32,"h":44}},"leftplayerflame4":{"frame":{"x":582,"y":766,"w":36,"h":44},"rotated":false,"trimmed":false,"spriteSourceSize":{"x":0,"y":0,"w":36,"h":44},"sourceSize":{"w":36,"h":44}},"leftplayerflame5":{"frame":{"x":619,"y":766,"w":36,"h":44},"rotated":false,"trimmed":false,"spriteSourceSize":{"x":0,"y":0,"w":36,"h":44},"sourceSize":{"w":36,"h":44}},"rightplayerflame1":{"frame":{"x":656,"y":766,"w":36,"h":44},"rotated":false,"trimmed":false,"spriteSourceSize":{"x":0,"y":0,"w":36,"h":44},"sourceSize":{"w":36,"h":44}},"rightplayerflame2":{"frame":{"x":693,"y":766,"w":36,"h":44},"rotated":false,"trimmed":false,"spriteSourceSize":{"x":0,"y":0,"w":36,"h":44},"sourceSize":{"w":36,"h":44}},"rightplayerflame3":{"frame":{"x":786,"y":477,"w":32,"h":44},"rotated":false,"trimmed":false,"spriteSourceSize":{"x":0,"y":0,"w":32,"h":44},"sourceSize":{"w":32,"h":44}},"rightplayerflame4":{"frame":{"x":730,"y":766,"w":36,"h":44},"rotated":false,"trimmed":false,"spriteSourceSize":{"x":0,"y":0,"w":36,"h":44},"sourceSize":{"w":36,"h":44}},"rightplayerflame5":{"frame":{"x":707,"y":706,"w":36,"h":44},"rotated":false,"trimmed":false,"spriteSourceSize":{"x":0,"y":0,"w":36,"h":44},"sourceSize":{"w":36,"h":44}},"peaks2":{"frame":{"x":184,"y":523,"w":64,"h":64},"rotated":false,"trimmed":false,"spriteSourceSize":{"x":0,"y":0,"w":64,"h":64},"sourceSize":{"w":64,"h":64}},"peaks3":{"frame":{"x":249,"y":523,"w":64,"h":64},"rotated":false,"trimmed":false,"spriteSourceSize":{"x":0,"y":0,"w":64,"h":64},"sourceSize":{"w":64,"h":64}},"peaks4":{"frame":{"x":314,"y":523,"w":64,"h":64},"rotated":false,"trimmed":false,"spriteSourceSize":{"x":0,"y":0,"w":64,"h":64},"sourceSize":{"w":64,"h":64}},"peaks1":{"frame":{"x":379,"y":523,"w":64,"h":64},"rotated":false,"trimmed":false,"spriteSourceSize":{"x":0,"y":0,"w":64,"h":64},"sourceSize":{"w":64,"h":64}},"door2":{"frame":{"x":129,"y":329,"w":128,"h":65},"rotated":false,"trimmed":false,"spriteSourceSize":{"x":0,"y":0,"w":128,"h":65},"sourceSize":{"w":128,"h":65}},"door3":{"frame":{"x":0,"y":262,"w":128,"h":66},"rotated":false,"trimmed":false,"spriteSourceSize":{"x":0,"y":0,"w":128,"h":66},"sourceSize":{"w":128,"h":66}},"door4":{"frame":{"x":129,"y":262,"w":128,"h":66},"rotated":false,"trimmed":false,"spriteSourceSize":{"x":0,"y":0,"w":128,"h":66},"sourceSize":{"w":128,"h":66}},"door5":{"frame":{"x":0,"y":329,"w":128,"h":66},"rotated":false,"trimmed":false,"spriteSourceSize":{"x":0,"y":0,"w":128,"h":66},"sourceSize":{"w":128,"h":66}},"door1":{"frame":{"x":275,"y":0,"w":128,"h":64},"rotated":false,"trimmed":false,"spriteSourceSize":{"x":0,"y":0,"w":128,"h":64},"sourceSize":{"w":128,"h":64}},"backbossstep1":{"frame":{"x":404,"y":127,"w":109,"h":126},"rotated":false,"trimmed":false,"spriteSourceSize":{"x":0,"y":0,"w":109,"h":126},"sourceSize":{"w":109,"h":126}},"backbossstep3":{"frame":{"x":105,"y":396,"w":104,"h":126},"rotated":false,"trimmed":false,"spriteSourceSize":{"x":0,"y":0,"w":104,"h":126},"sourceSize":{"w":104,"h":126}},"backbossstep2":{"frame":{"x":514,"y":126,"w":104,"h":125},"rotated":false,"trimmed":false,"spriteSourceSize":{"x":0,"y":0,"w":104,"h":125},"sourceSize":{"w":104,"h":125}},"backbossstep4":{"frame":{"x":210,"y":396,"w":109,"h":125},"rotated":false,"trimmed":false,"spriteSourceSize":{"x":0,"y":0,"w":109,"h":125},"sourceSize":{"w":109,"h":125}},"leftplayerwait1":{"frame":{"x":684,"y":61,"w":64,"h":60},"rotated":false,"trimmed":false,"spriteSourceSize":{"x":0,"y":0,"w":64,"h":60},"sourceSize":{"w":64,"h":60}},"rightplayerwait5":{"frame":{"x":684,"y":122,"w":64,"h":60},"rotated":false,"trimmed":false,"spriteSourceSize":{"x":0,"y":0,"w":64,"h":60},"sourceSize":{"w":64,"h":60}},"leftplayerwait2":{"frame":{"x":684,"y":549,"w":64,"h":59},"rotated":false,"trimmed":false,"spriteSourceSize":{"x":0,"y":0,"w":64,"h":59},"sourceSize":{"w":64,"h":59}},"leftplayerwait4":{"frame":{"x":684,"y":609,"w":64,"h":59},"rotated":false,"trimmed":false,"spriteSourceSize":{"x":0,"y":0,"w":64,"h":59},"sourceSize":{"w":64,"h":59}},"leftplayerwait5":{"frame":{"x":684,"y":183,"w":64,"h":60},"rotated":false,"trimmed":false,"spriteSourceSize":{"x":0,"y":0,"w":64,"h":60},"sourceSize":{"w":64,"h":60}},"rightplayerwait1":{"frame":{"x":684,"y":244,"w":64,"h":60},"rotated":false,"trimmed":false,"spriteSourceSize":{"x":0,"y":0,"w":64,"h":60},"sourceSize":{"w":64,"h":60}},"rightplayerwait2":{"frame":{"x":0,"y":706,"w":64,"h":59},"rotated":false,"trimmed":false,"spriteSourceSize":{"x":0,"y":0,"w":64,"h":59},"sourceSize":{"w":64,"h":59}},"rightplayerwait4":{"frame":{"x":65,"y":706,"w":64,"h":59},"rotated":false,"trimmed":false,"spriteSourceSize":{"x":0,"y":0,"w":64,"h":59},"sourceSize":{"w":64,"h":59}},"leftplayerwait3":{"frame":{"x":390,"y":706,"w":64,"h":56},"rotated":false,"trimmed":false,"spriteSourceSize":{"x":0,"y":0,"w":64,"h":56},"sourceSize":{"w":64,"h":56}},"rightplayerwait3":{"frame":{"x":455,"y":706,"w":64,"h":56},"rotated":false,"trimmed":false,"spriteSourceSize":{"x":0,"y":0,"w":64,"h":56},"sourceSize":{"w":64,"h":56}},"leftenemywait1":{"frame":{"x":684,"y":305,"w":64,"h":60},"rotated":false,"trimmed":false,"spriteSourceSize":{"x":0,"y":0,"w":64,"h":60},"sourceSize":{"w":64,"h":60}},"leftenemywait5":{"frame":{"x":684,"y":366,"w":64,"h":60},"rotated":false,"trimmed":false,"spriteSourceSize":{"x":0,"y":0,"w":64,"h":60},"sourceSize":{"w":64,"h":60}},"rightenemywait1":{"frame":{"x":684,"y":427,"w":64,"h":60},"rotated":false,"trimmed":false,"spriteSourceSize":{"x":0,"y":0,"w":64,"h":60},"sourceSize":{"w":64,"h":60}},"rightenemywait5":{"frame":{"x":684,"y":488,"w":64,"h":60},"rotated":false,"trimmed":false,"spriteSourceSize":{"x":0,"y":0,"w":64,"h":60},"sourceSize":{"w":64,"h":60}},"leftenemywait2":{"frame":{"x":130,"y":706,"w":64,"h":58},"rotated":false,"trimmed":false,"spriteSourceSize":{"x":0,"y":0,"w":64,"h":58},"sourceSize":{"w":64,"h":58}},"leftenemywait4":{"frame":{"x":195,"y":706,"w":64,"h":58},"rotated":false,"trimmed":false,"spriteSourceSize":{"x":0,"y":0,"w":64,"h":58},"sourceSize":{"w":64,"h":58}},"rightenemywait2":{"frame":{"x":260,"y":706,"w":64,"h":58},"rotated":false,"trimmed":false,"spriteSourceSize":{"x":0,"y":0,"w":64,"h":58},"sourceSize":{"w":64,"h":58}},"rightenemywait4":{"frame":{"x":325,"y":706,"w":64,"h":58},"rotated":false,"trimmed":false,"spriteSourceSize":{"x":0,"y":0,"w":64,"h":58},"sourceSize":{"w":64,"h":58}},"leftenemywait3":{"frame":{"x":520,"y":706,"w":64,"h":56},"rotated":false,"trimmed":false,"spriteSourceSize":{"x":0,"y":0,"w":64,"h":56},"sourceSize":{"w":64,"h":56}},"rightenemywait3":{"frame":{"x":585,"y":706,"w":64,"h":56},"rotated":false,"trimmed":false,"spriteSourceSize":{"x":0,"y":0,"w":64,"h":56},"sourceSize":{"w":64,"h":56}},"leftbossstep1":{"frame":{"x":124,"y":131,"w":61,"h":130},"rotated":false,"trimmed":false,"spriteSourceSize":{"x":0,"y":0,"w":61,"h":130},"sourceSize":{"w":61,"h":130}},"leftbossstep3":{"frame":{"x":75,"y":0,"w":74,"h":130},"rotated":false,"trimmed":false,"spriteSourceSize":{"x":0,"y":0,"w":74,"h":130},"sourceSize":{"w":74,"h":130}},"dieboss1":{"frame":{"x":404,"y":254,"w":109,"h":126},"rotated":false,"trimmed":false,"spriteSourceSize":{"x":0,"y":0,"w":109,"h":126},"sourceSize":{"w":109,"h":126}},"dieboss2":{"frame":{"x":275,"y":65,"w":121,"h":126},"rotated":false,"trimmed":false,"spriteSourceSize":{"x":0,"y":0,"w":121,"h":126},"sourceSize":{"w":121,"h":126}},"leftbossstep2":{"frame":{"x":514,"y":252,"w":82,"h":121},"rotated":false,"trimmed":false,"spriteSourceSize":{"x":0,"y":0,"w":82,"h":121},"sourceSize":{"w":82,"h":121}},"leftbossstep4":{"frame":{"x":0,"y":523,"w":78,"h":121},"rotated":false,"trimmed":false,"spriteSourceSize":{"x":0,"y":0,"w":78,"h":121},"sourceSize":{"w":78,"h":121}},"dieboss3":{"frame":{"x":275,"y":192,"w":126,"h":113},"rotated":false,"trimmed":false,"spriteSourceSize":{"x":0,"y":0,"w":126,"h":113},"sourceSize":{"w":126,"h":113}},"dieboss4":{"frame":{"x":79,"y":523,"w":104,"h":87},"rotated":false,"trimmed":false,"spriteSourceSize":{"x":0,"y":0,"w":104,"h":87},"sourceSize":{"w":104,"h":87}}},"meta":{"app":"https://www.leshylabs.com/apps/sstool/","version":"Leshy SpriteSheet Tool v0.8.4","image":"spritesheet.png","size":{"w":834,"h":814},"scale":1}}