[{"nickname":"1213","score":881,"id":1},{"nickname":"1213","score":341,"id":2},{"nickname":"1213","score":332,"id":3},{"nickname":"1213","score":318,"id":4},{"nickname":"вава","score":312,"id":5},{"nickname":"1213","score":261,"id":6},{"nickname":"1213","score":246,"id":7},{"nickname":"1213","score":235,"id":8},{"nickname":"1213","score":226,"id":9},{"nickname":"1213","score":141,"id":10},{"nickname":"1213","score":138,"id":11},{"nickname":"1213","score":135,"id":12},{"nickname":"1213","score":132,"id":13},{"nickname":"вава","score":129,"id":14},{"nickname":"1213","score":129,"id":15},{"nickname":"вава","score":129,"id":16},{"nickname":"1213","score":126,"id":17},{"nickname":"1213","score":126,"id":18},{"nickname":"1213","score":123,"id":19},{"nickname":"1213","score":123,"id":20},{"nickname":"1213","score":123,"id":21},{"nickname":"1213","score":120,"id":22},{"nickname":"1213","score":118,"id":23},{"nickname":"1213","score":91,"id":24},{"nickname":"1213","score":71,"id":25},{"nickname":"1213","score":51,"id":26},{"nickname":"1213","score":37,"id":27},{"nickname":"1213","score":11,"id":28},{"nickname":"вава","score":0,"id":29},{"nickname":"1213","score":0,"id":30},{"nickname":"1213","score":0,"id":31},{"nickname":"1213","score":0,"id":32},{"nickname":"1213","score":0,"id":33},{"nickname":"1213","score":0,"id":34},{"nickname":"1213","score":0,"id":35},{"nickname":"1213","score":0,"id":36},{"nickname":"1213","score":0,"id":37},{"nickname":"1213","score":0,"id":38},{"nickname":"1213","score":0,"id":39},{"nickname":"1213","score":0,"id":40},{"nickname":"1213","score":0,"id":41},{"nickname":"1213","score":0,"id":42},{"nickname":"1213","score":0,"id":43},{"nickname":"1213","score":0,"id":44},{"nickname":"1213","score":0,"id":45},{"nickname":"1213","score":0,"id":46},{"nickname":"1213","score":0,"id":47},{"nickname":"1213","score":0,"id":48},{"nickname":"1213","score":0,"id":49}]